https://www.madisoncountyal.gov/services/juvenile-detention-center,"['817 Cook Avenue, Huntsville, AL 35801 ', '100 Northside Square, Huntsville, AL 35801 ']","['Huntsville', 'Huntsville']","['AL', 'AL']","['256-532-0302', '256-532-0300', '256-532-0312', '256-532-3709', '256-532-0337', '256-532-0315', '256-532-0333', '256-532-0326', '256-532-3300']"
https://www.madisoncountyhr.org/job-seekers,"['100 Northside Square, Suite 753 Huntsville, AL 35801 ']",['Huntsville'],['AL'],"['256.532.3614', '256.532.3322']"
https://www.madisoncountyhr.org/,"['100 Northside Square, Suite 753 Huntsville, AL 35801 ']",['Huntsville'],['AL'],"['256.532.3614', '256.532.3322']"
https://www.madisoncountyal.gov/departments/purchasing-department/2017-bid-recommendations,"['100 Northside Square, Huntsville, AL 35801 ']",['Huntsville'],['AL'],['256-532-3300']
https://www.madisoncountyal.gov/departments/purchasing-department/2018-bid-recommendations,"['100 Northside Square, Huntsville, AL 35801 ', '7809 Wall Triana Highway, Harvest, AL 35749 ']","['Huntsville', 'Harvest']","['AL', 'AL']",['256-532-3300']
https://www.madisoncountyal.gov/departments/planning-and-economic-development/tram,"['819 Cook Avenue, Huntsville, AL 35801 ', '1200 New Jersey Avenue SE, Washington ', '100 Northside Square, Huntsville AL 35801 ', '100 Northside Square, Huntsville, AL 35801 ', '1100 John Overton Drive, Montgomery, Alabama 36110 ', '1200 New Jersey Ave., SE Washington DC 20590 ', '819 Cook Avenue, Suite 137, Huntsville AL 35801 ']","['Huntsville', 'Washington', 'Huntsville', 'Huntsville', 'Montgomery', 'Washington', 'Huntsville']","['AL', '', 'AL', 'AL', 'Alabama', 'DC', 'AL']","['256-532-3300', '256.532.3792', '256-532-3792']"
https://www.madisoncountyhr.org/forms,"['100 Northside Square, Suite 753 Huntsville, AL 35801 ']",['Huntsville'],['AL'],"['256.532.3614', '256.532.3322']"
https://www.madisoncountyal.gov/government/about-your-county/history,"['100 Northside Square, Huntsville, AL 35801 ']",['Huntsville'],['AL'],['256-532-3300']
